{
  "Autumn": [
    141.49025363646365,
    135.50167067887563,
    147.40734804143787
  ],
  "Brown Soft Blended": [
    139.25566436211875,
    130.89672337767627,
    134.94373444597122
  ],
  "Champagne Blonde": [
    135.809065247007,
    127.01865177210412,
    129.77112993564555
  ],
  "Coffee Biscuit": [
    126.46413266394948,
    133.83851873709997,
    140.03772798519114
  ],
  "Cool Brown": [
    124.32083336959931,
    132.14209626533136,
    135.124079539741
  ],
  "Copper": [
    116.44839702642957,
    147.2968119904016,
    157.6447693295829
  ],
  "Dark Brown": [
    126.75006295284724,
    132.30949871099287,
    132.80340291213605
  ],
  "Dark Caramel Balayage": [
    121.69960209314871,
    130.8147077644872,
    137.4270720652867
  ],
  "Honey Blonde": [
    158.3088721726507,
    128.3486262717158,
    138.55338072235384
  ],
  "Hot toffee": [
    140.27290873237217,
    127.76246212020578,
    133.0960099326461
  ],
  "Ivory": [
    137.02613205732354,
    127.24950915609553,
    128.61274497346986
  ],
  "Luscious Blonde": [
    154.29768654351028,
    126.80084741088582,
    134.40303433745544
  ],
  "Medium Brown Balayage": [
    131.87280202411694,
    131.63562045410822,
    136.2123205341021
  ],
  "Mixed Blonde": [
    150.7966329242266,
    127.40500602280794,
    134.05701039207943
  ],
  "Natural Black": [
    124.611087293039,
    129.35943712205767,
    130.61856582931406
  ],
  "Natural Caramel": [
    123.6873352693351,
    130.5563251136799,
    134.1694329409171
  ],
  "Old Money Blonde": [
    146.77683034022894,
    131.91612118421838,
    139.9716722168083
  ],
  "Platinum Blonde Balayage": [
    164.1766948134447,
    125.33494995555075,
    136.60639189910884
  ],
  "Rooted Golden Brown": [
    148.48035758131198,
    129.95188640073425,
    133.39302186682474
  ],
  "Sandy Chocolate": [
    139.5627337146736,
    129.42717718191608,
    133.4480309244876
  ],
  "Scandinavian Blonde": [
    147.95147997412752,
    127.83016360311382,
    135.00458095623156
  ],
  "Silver Blonde": [
    160.13901410973634,
    125.97377115915891,
    136.6872471341031
  ],
  "Summer Blonde": [
    159.96641713907795,
    126.07446028755403,
    140.80242004973283
  ],
  "Sunkissed Brown": [
    127.55124778028771,
    134.02265128172425,
    139.528233064142
  ],
  "Teddy Bear Blonde": [
    145.65640974489608,
    132.51677267536647,
    142.53936498773658
  ]
}